<?xml version="1.0" encoding="UTF-8"?>
<!DOCTYPE mapper
    PUBLIC "-//mybatis.org//DTD Mapper 3.0//EN"
    "http://mybatis.org/dtd/mybatis-3-mapper.dtd">
<mapper namespace="com.green.cafe.dao.PostDao">
	
	<select id="list" resultType="com.green.cafe.dto.PostDto" parameterType="com.green.cafe.dto.SearchCriteria">
        SELECT post_no
         	 , post_writer
         	 , post_title
         	 , post_content
         	 , post_hit
         	 , post_like
         	 , post_moddate 
         FROM ( select post_no
		         	 , post_writer
		         	 , post_title
		         	 , post_content
		         	 , post_hit
		         	 , post_like
		         	 , post_moddate
		         	 , row_number() over (order by post_no DESC) as rNum
		        FROM   post
		        WHERE  1 = 1
		        <include refid="search"></include>
		        			 ) list
         WHERE rNum between #{rowStart} and #{rowEnd}
         ORDER BY post_no DESC
    </select>

    <select id="contentView" parameterType="hashmap" resultType="com.green.cafe.dto.PostDto">
        SELECT post_no
         	 , post_writer
         	 , post_title
         	 , post_content
         	 , post_hit
         	 , post_like
         	 , post_regdate
         	 , post_moddate
          FROM post
		 WHERE post_no = #{post_no}
    </select>

    <insert id="write" parameterType="hashmap">
		INSERT INTO post(post_no
			           , post_writer
			           , post_title
			           , post_content
			           , post_hit
			           , post_regdate
			           , post_moddate)
		VALUES(post_no_seq.nextval
		   , #{post_writer}
		   , #{post_title}
		   , #{post_content}
		   , 0
		   , DEFAULT
		   , SYSDATE)
    </insert>

    <update id="modify" parameterType="hashmap">
		UPDATE post SET post_title = #{post_title}
				  	  , post_content = #{post_content}
					  , post_moddate = SYSDATE
			   	  WHERE post_no = #{post_no}
    </update>
    
    <delete id="delete" parameterType="hashmap">
		DELETE FROM post WHERE post_no = #{post_no}
    </delete>
	
	<select id="listCount" parameterType="com.green.cafe.dto.SearchCriteria" resultType="int">
			SELECT COUNT(post_no)
			  FROM post
			 WHERE 1=1 
			 <include refid="search"></include>
			 AND post_no > 0
	</select>
	
	<sql id="search">
		<if test="searchType != null">
			<if test="searchType == 't'.toString()">AND post_title LIKE '%' || #{keyword} || '%'</if>
			<if test="searchType == 'c'.toString()">AND post_content LIKE '%' || #{keyword} || '%'</if>
			<if test="searchType == 'w'.toString()">AND post_writer LIKE '%' || #{keyword} || '%'</if>
			<if test="searchType == 'tc'.toString()">AND (post_title LIKE '%' || #{keyword} || '%') or (post_content LIKE '%' || #{keyword} || '%')</if>
		</if>
	</sql>
</mapper>